{
    "synapse0": [
        [
            1.5953934107191055,
            -3.943278756504537,
            0.6068064046979832,
            -2.111122808812515
        ],
        [
            1.2934751005202123,
            0.6628554741717699,
            -1.1999445135264113,
            -1.4628905103497676
        ],
        [
            0.5654249238404647,
            1.0400455603732863,
            -4.146736850088254,
            -1.7961697646266868
        ],
        [
            -1.916616175253505,
            -0.28055743450309156,
            2.383552595538983,
            -0.2992005228075454
        ],
        [
            -1.2052358181276777,
            -1.1749414995839071,
            -3.2865981500546977,
            2.920355069251406
        ],
        [
            -2.1665308114412727,
            -2.079306676421067,
            -3.082010427274938,
            2.609767054043306
        ],
        [
            2.1657438983140302,
            -2.4564891267253097,
            0.10030074163551898,
            -2.167291809338436
        ],
        [
            -3.362199347651872,
            -2.4708429428356085,
            2.30145184234634,
            0.41244996849666093
        ],
        [
            -3.8332164527614085,
            1.7454429449402964,
            2.196751062250057,
            -3.388530950542366
        ],
        [
            -2.8515578458068975,
            6.418680245876304,
            -3.4947333144570103,
            -2.563519919487913
        ]
    ],
    "synapse1": [
        [
            -0.2311144048097987,
            0.4167288756574573,
            -0.9458737593095152,
            -0.38923472980809976,
            -0.6622739476714679,
            -0.7073592972191386,
            -0.6618193055537337,
            -0.2908358444937729,
            -0.1690265664404882,
            0.11355469137424495
        ],
        [
            1.048668998234264,
            -0.5845874771006844,
            -1.5320292116556518,
            1.5022776846720474,
            -1.8490481866730075,
            -0.6535080987274684,
            0.7569839094572044,
            1.559608339237299,
            0.8535465353311754,
            -1.8817970896198875
        ],
        [
            0.22754213274941038,
            0.9391807739969632,
            -0.2670398191239821,
            0.4613163627664355,
            0.7856088624084302,
            0.9506967260475566,
            -1.1366053267088683,
            -0.9000868295123555,
            -0.2851507998237355,
            0.8133856160385121
        ],
        [
            -1.4405659633641619,
            -0.005423241218898654,
            1.3229394137413162,
            0.12196702011069256,
            0.4056868831991088,
            -0.07415639418926925,
            -0.29929781895701746,
            0.42379224392718245,
            0.08211440136518841,
            1.4515683666734351
        ],
        [
            1.42193776131146,
            0.5569343654012978,
            -0.1955968124177679,
            0.05126156827302437,
            -0.6243985362069241,
            -0.3684844286575093,
            1.2864833064324162,
            -0.8937679052560498,
            -1.2772962834055441,
            -1.5390202931307861
        ],
        [
            -1.1443597001289698,
            0.4668952191898735,
            -0.0320537309053134,
            -0.6091314441097769,
            -0.023305016453137078,
            -0.7717385222586788,
            -0.19121670540283126,
            -0.8881880530833234,
            0.7374557845718078,
            1.2549919114029187
        ],
        [
            -0.9136932247215765,
            -0.0664310928731649,
            0.8014310483591339,
            -0.3386719525681776,
            -0.8300284918799835,
            0.0931794494660254,
            0.1252712049644408,
            -0.16109158435815946,
            0.9814758857097036,
            0.845212687977224
        ],
        [
            0.43285682597410474,
            -0.7223929691493568,
            -0.6153354809409493,
            0.691453708846856,
            -0.17181576821258013,
            -0.5078082067262741,
            0.5483234113436406,
            -0.282664676487108,
            0.8768125673194407,
            0.5090965798805898
        ],
        [
            0.24132839877026144,
            0.3871514033238129,
            0.7928691023582718,
            -0.27073242708991246,
            -0.554021797909044,
            0.6875119315980461,
            -0.4606491627268314,
            0.8212452590610632,
            0.7735493959186202,
            1.0738361618356005
        ],
        [
            -1.2957918377346043,
            1.0387855066267364,
            0.19080850126348184,
            0.18825011772866532,
            -0.2776039759165351,
            -0.6302065443080321,
            0.4899274986550835,
            0.038924138108862714,
            -0.5475929456559583,
            1.0647345486588047
        ],
        [
            -0.9187132868414982,
            0.3147514159216408,
            1.234393071396531,
            -0.31452178472986236,
            0.6153292071158846,
            0.20200325349729578,
            -1.1058725228810233,
            0.3611209116827558,
            0.8604230945565388,
            1.6092835190905679
        ],
        [
            -0.2111033998108777,
            -0.6651254441006255,
            1.1087061295277565,
            -0.13366076565015225,
            -0.6988502039180832,
            0.24665462419561265,
            0.9770446771687221,
            0.3650528690895597,
            -0.4297974433213031,
            -1.550535513423012
        ],
        [
            -1.1015162679324175,
            -1.479495227157777,
            -0.9961756546446273,
            -1.035489541154229,
            1.48882027191238,
            0.7290054738761356,
            -0.28301038565391246,
            0.8182591775622784,
            -1.9404376266251662,
            -1.8884874567576215
        ],
        [
            -0.28670438670562465,
            0.7003571985150634,
            -0.06200374663801983,
            -0.6738213360049637,
            0.5151634116944533,
            -0.2831197284742585,
            0.1826782211640797,
            0.07663532161036717,
            1.4000059237452072,
            0.37469314089127725
        ],
        [
            -0.5636551764845625,
            -0.28560017671311333,
            -0.3461662255062912,
            -0.822559244850053,
            -1.1065885498579142,
            -0.9759487367296108,
            -0.8150726146053426,
            -0.3314873244509115,
            0.680862707787261,
            0.28502916643266407
        ],
        [
            -0.4874610745912102,
            0.7347987889962219,
            -0.06747019466684905,
            -0.3991768682892303,
            -0.7271140447444322,
            0.25304643742447014,
            -0.3350925931197485,
            0.46795792464298813,
            1.2788682102452302,
            0.36826452853546143
        ],
        [
            -0.6552543084128563,
            -0.04662457214996586,
            0.4219090551266819,
            0.631693863083753,
            -0.6600960560965335,
            -0.7515964605160518,
            -0.9969651391746495,
            -0.10889223749233917,
            0.3585565961220381,
            0.21584021828598896
        ],
        [
            0.0789404021427864,
            1.0378353654665131,
            0.40300564194501526,
            -0.7670147433828557,
            0.27104588887358727,
            0.2263973808036838,
            0.8077580871525986,
            -0.9511570866777901,
            -1.720177291721359,
            -1.0589090415391273
        ],
        [
            -0.35306936419406054,
            -0.31826327328266873,
            1.052517896618984,
            -0.9106007196089997,
            -0.7143589779025181,
            0.5966440727874324,
